sample_id,area_sqm,rooms,floor,total_floors,building_age_years,distance_to_center_km,condition_score,metro_distance_min,city,district,price_usd
1,94.9,4,2,8,37,6.5,6,19,Odesa,Center,143200
2,56.1,2,8,12,9,0.6,5,28,Odesa,Peresyp,109100
3,61.2,3,2,8,57,4.4,8,11,Dnipro,Shevchenkivskyi,114500
4,77.9,4,10,22,25,10.5,4,21,Kyiv,Obolon,115100
5,87.6,4,2,12,0,3.9,8,16,Dnipro,Center,155900
6,91.2,4,6,25,21,4.2,6,8,Lviv,Sykhiv,148100
7,57.6,2,2,6,55,11.0,4,12,Kharkiv,Osnovianskyi,65000
8,110.4,4,15,17,52,9.0,7,14,Kharkiv,Osnovianskyi,124300
9,113.5,4,9,9,35,0.4,7,17,Dnipro,Amur-Nyzhnodniprovskyi,175700
10,82.4,3,17,19,44,7.4,9,25,Kyiv,Obolon,145400
11,95.8,4,7,14,11,7.7,7,12,Kyiv,Solomianka,143800
12,75.9,4,17,25,43,5.5,6,15,Kharkiv,Shevchenkivskyi,107800
13,116.9,4,6,8,15,13.6,4,13,Dnipro,Novokodatskyi,131500
14,46.5,2,5,22,28,11.0,8,8,Kharkiv,Center,89500
15,126.4,5,5,11,14,2.1,8,2,Kharkiv,Kholodnohirskyi,200000
16,57.9,2,10,12,48,7.8,7,10,Lviv,Frankivskyi,99800
17,44.8,2,9,11,54,14.6,10,6,Kharkiv,Saltivka,80300
18,55.5,3,14,18,38,0.4,7,3,Dnipro,Amur-Nyzhnodniprovskyi,103700
19,93.6,4,4,11,19,5.1,6,18,Kyiv,Obolon,161000
20,71.5,3,6,6,10,16.1,6,32,Kharkiv,Center,87300
21,69.1,2,2,6,32,0.4,10,13,Kharkiv,Shevchenkivskyi,162200
22,90.7,4,5,20,0,8.7,8,26,Lviv,Lychakiv,149600
23,43.1,1,6,21,17,12.5,7,16,Kyiv,Podil,96000
24,68.9,4,20,23,19,9.3,7,8,Kyiv,Pechersk,143300
25,56.5,2,5,17,15,5.7,5,9,Lviv,Sykhiv,107700
26,84.3,3,7,22,24,5.1,6,12,Kyiv,Obolon,146400
27,53.1,3,21,24,3,0.9,6,2,Kyiv,Podil,148800
28,60.4,3,5,9,9,6.9,8,7,Kyiv,Pechersk,156100
29,74.5,4,6,7,8,4.3,7,28,Kharkiv,Osnovianskyi,116900
30,53.4,1,1,22,38,15.8,9,12,Odesa,Prymorskyi,88700
31,81.3,4,6,14,35,14.0,5,25,Kyiv,Podil,114300
32,88.1,3,5,18,46,10.5,6,21,Kyiv,Pechersk,151100
33,37.9,2,8,18,11,6.7,10,27,Kyiv,Obolon,121900
34,56.2,3,4,12,19,10.4,7,6,Kharkiv,Shevchenkivskyi,106900
35,65.6,2,11,22,26,9.6,6,19,Kharkiv,Saltivka,86300
36,40.3,1,7,15,18,3.3,5,6,Kharkiv,Saltivka,84500
37,30.6,2,6,11,17,0.4,8,24,Kyiv,Obolon,108300
38,92.8,4,11,18,42,4.4,7,20,Dnipro,Center,149600
39,83.9,3,3,5,49,6.4,8,4,Kharkiv,Shevchenkivskyi,121800
40,88.9,3,2,10,25,6.1,9,11,Lviv,Lychakiv,150600
41,88.6,4,1,5,39,7.7,9,16,Kharkiv,Shevchenkivskyi,131300
42,55.8,2,3,12,8,7.2,6,14,Lviv,Shevchenkivskyi,87500
43,57.5,3,2,19,1,0.4,5,17,Kyiv,Obolon,141200
44,134.2,4,17,19,3,0.4,8,10,Lviv,Shevchenkivskyi,200000
45,60.1,3,16,21,53,5.0,5,20,Kharkiv,Kholodnohirskyi,89500
46,112.8,5,5,17,32,7.1,6,6,Lviv,Sykhiv,159400
47,104.7,4,5,5,47,7.1,7,6,Lviv,Frankivskyi,157800
48,78.0,3,8,12,0,8.4,8,21,Kharkiv,Kholodnohirskyi,118500
49,93.2,5,18,24,0,11.9,7,12,Dnipro,Amur-Nyzhnodniprovskyi,132800
50,109.0,5,4,15,40,3.6,7,19,Odesa,Arcadia,177100
51,59.7,3,2,22,29,11.7,6,6,Kharkiv,Kholodnohirskyi,75500
52,122.9,5,4,9,31,12.2,8,9,Dnipro,Center,168700
53,53.8,2,3,8,9,9.6,6,21,Dnipro,Shevchenkivskyi,84200
54,68.5,3,8,25,21,13.7,8,20,Dnipro,Amur-Nyzhnodniprovskyi,91800
55,99.1,4,3,16,43,3.4,6,23,Kyiv,Solomianka,149500
56,85.5,4,6,18,3,6.3,2,12,Kyiv,Podil,152700
57,72.9,3,14,15,6,7.8,10,12,Odesa,Kyivskyi,151700
58,83.5,3,3,15,30,3.3,7,14,Dnipro,Novokodatskyi,135200
59,79.3,3,12,12,26,2.7,8,15,Odesa,Prymorskyi,161900
60,100.2,4,5,12,35,5.3,5,7,Dnipro,Amur-Nyzhnodniprovskyi,129800
61,64.4,3,4,13,14,9.6,7,21,Kharkiv,Osnovianskyi,97000
62,55.6,2,17,23,13,0.4,4,17,Dnipro,Sobornyi,108900
63,35.5,1,5,6,24,4.7,10,5,Lviv,Sykhiv,94500
64,80.7,3,1,10,31,7.4,10,16,Kyiv,Center,171500
65,85.0,4,10,23,31,10.4,7,6,Odesa,Peresyp,122000
66,58.0,2,10,19,25,16.2,2,10,Odesa,Peresyp,75500
67,122.4,5,2,7,39,7.9,9,19,Odesa,Center,194700
68,62.0,3,3,19,56,3.6,3,17,Dnipro,Amur-Nyzhnodniprovskyi,77300
69,70.3,2,3,13,20,9.9,7,9,Dnipro,Sobornyi,115900
70,71.2,3,9,17,30,2.2,6,16,Odesa,Prymorskyi,138800
71,83.0,4,19,23,30,22.0,4,11,Lviv,Sykhiv,95200
72,73.3,2,10,10,0,0.4,8,23,Kyiv,Pechersk,176700
73,88.4,4,10,20,15,5.1,5,14,Lviv,Sykhiv,133700
74,63.9,3,1,21,24,4.4,5,10,Kyiv,Podil,130200
75,84.7,4,5,22,15,11.8,6,13,Lviv,Lychakiv,123400
76,100.9,4,5,5,12,4.8,7,16,Kharkiv,Osnovianskyi,136100
77,75.2,3,7,13,7,13.9,2,14,Kharkiv,Shevchenkivskyi,96100
78,75.9,4,13,13,3,8.7,5,23,Lviv,Shevchenkivskyi,112200
79,93.4,4,5,20,7,2.6,7,7,Kharkiv,Saltivka,164100
80,109.4,5,8,17,26,10.4,5,10,Lviv,Sykhiv,150900
81,67.8,2,8,9,0,9.8,6,21,Kharkiv,Kholodnohirskyi,90000
82,47.9,2,7,9,26,15.7,3,26,Kyiv,Obolon,79400
83,90.4,3,13,22,0,13.6,6,21,Kyiv,Solomianka,128500
84,44.5,1,12,12,0,18.0,9,15,Odesa,Peresyp,70300
85,90.5,4,3,6,24,4.5,8,14,Kyiv,Pechersk,188400
86,54.0,3,22,24,45,8.1,10,20,Dnipro,Sobornyi,120000
87,88.1,4,11,14,16,5.8,6,36,Kyiv,Podil,141200
88,90.2,3,16,17,32,11.0,8,10,Lviv,Lychakiv,145200
89,130.4,5,22,23,15,9.6,2,25,Dnipro,Center,148000
90,98.3,4,11,12,60,8.8,8,14,Kharkiv,Saltivka,119900
91,84.9,4,13,14,13,2.0,7,14,Dnipro,Sobornyi,153200
92,54.4,3,9,16,44,9.2,5,18,Lviv,Lychakiv,83900
93,101.4,4,11,12,29,5.5,2,28,Dnipro,Shevchenkivskyi,117400
94,35.4,1,10,13,23,2.8,8,6,Lviv,Lychakiv,110800
95,111.5,4,11,12,12,15.2,8,20,Odesa,Peresyp,144300
96,41.4,4,2,8,41,8.0,9,8,Lviv,Frankivskyi,113700
97,69.9,3,4,18,17,10.6,4,20,Kharkiv,Osnovianskyi,81600
98,71.5,4,6,8,17,0.4,5,9,Dnipro,Sobornyi,147500
99,122.7,5,11,11,20,0.4,3,21,Kyiv,Center,200000
100,56.6,3,7,23,7,8.8,5,16,Kharkiv,Osnovianskyi,72200
101,107.9,5,13,13,35,10.5,9,15,Odesa,Prymorskyi,172200
102,81.8,4,7,9,29,0.4,6,2,Dnipro,Sobornyi,159600
103,72.1,3,10,21,52,0.4,8,22,Odesa,Center,157700
104,74.6,3,3,7,24,6.2,6,12,Lviv,Center,141200
105,67.5,2,20,21,19,0.4,8,23,Odesa,Prymorskyi,158000
106,92.9,4,7,12,47,4.9,8,11,Kharkiv,Osnovianskyi,139100
107,67.1,4,1,7,61,8.5,6,25,Lviv,Sykhiv,97600
108,43.4,2,7,8,21,3.5,9,14,Dnipro,Novokodatskyi,88900
109,82.7,3,3,11,46,5.7,5,26,Dnipro,Shevchenkivskyi,112500
110,80.7,4,20,24,0,4.9,4,5,Lviv,Sykhiv,130000
111,54.8,2,6,15,13,16.6,7,7,Dnipro,Center,87800
112,47.1,1,11,19,24,9.6,8,5,Kyiv,Center,140100
113,52.9,2,3,7,22,3.1,7,8,Odesa,Center,117500
114,49.3,2,16,23,34,3.7,6,18,Kyiv,Solomianka,128700
115,62.6,3,5,13,37,7.2,7,14,Kyiv,Pechersk,129400
116,75.3,4,4,7,0,8.4,6,32,Lviv,Frankivskyi,122400
117,70.6,2,2,14,42,0.4,9,23,Kharkiv,Osnovianskyi,146400
118,46.7,2,13,23,16,3.0,6,11,Lviv,Sykhiv,109800
119,45.4,1,6,11,11,0.8,10,11,Lviv,Frankivskyi,131900
120,56.0,2,3,25,9,10.9,9,2,Kyiv,Podil,135600
121,89.4,4,11,24,10,11.7,5,16,Dnipro,Amur-Nyzhnodniprovskyi,115400
122,100.5,4,3,7,18,6.3,7,10,Lviv,Sykhiv,150100
123,83.9,3,2,22,27,0.4,8,10,Odesa,Center,171800
124,124.7,4,12,15,38,13.1,8,26,Odesa,Arcadia,175700
125,76.9,3,7,14,42,4.1,7,2,Kharkiv,Osnovianskyi,113100
126,64.3,2,12,13,21,14.4,3,10,Odesa,Center,92600
127,116.6,5,5,17,52,0.4,4,11,Kyiv,Pechersk,200000
128,88.4,4,3,21,2,4.6,5,9,Dnipro,Sobornyi,143900
129,65.0,3,3,9,16,15.2,8,25,Kyiv,Pechersk,136800
130,40.3,1,7,9,54,9.1,7,10,Kharkiv,Osnovianskyi,52700
131,41.2,1,10,19,49,7.6,3,15,Kharkiv,Kholodnohirskyi,55300
132,114.5,5,15,23,53,3.9,7,7,Kharkiv,Kholodnohirskyi,168000
133,101.1,4,16,25,38,11.5,5,26,Kharkiv,Shevchenkivskyi,126200
134,46.3,2,5,21,44,8.5,6,26,Kharkiv,Saltivka,58000
135,69.6,2,3,17,38,6.7,7,28,Kharkiv,Center,93800
136,51.4,2,8,9,60,7.1,7,19,Odesa,Arcadia,102500
137,120.9,5,4,14,16,7.1,7,2,Kharkiv,Osnovianskyi,163000
138,105.2,4,17,25,28,1.1,5,14,Lviv,Center,192600
139,69.7,3,3,16,21,12.9,6,16,Lviv,Shevchenkivskyi,94800
140,41.2,1,3,5,39,8.5,5,13,Kyiv,Obolon,74800
141,51.0,2,6,25,41,10.8,4,23,Dnipro,Shevchenkivskyi,64500
142,43.8,2,4,14,8,10.4,7,32,Kyiv,Pechersk,111400
143,73.5,4,6,14,33,8.4,6,10,Odesa,Peresyp,106700
144,112.2,5,11,17,0,12.7,6,2,Dnipro,Amur-Nyzhnodniprovskyi,146700
145,93.5,5,9,10,39,6.9,7,11,Odesa,Center,156400
146,53.7,2,14,16,34,5.6,10,17,Lviv,Lychakiv,122000
147,76.2,3,2,5,17,11.4,4,10,Odesa,Prymorskyi,113000
148,66.3,3,8,9,26,11.6,6,15,Kyiv,Podil,113800
149,63.4,2,2,5,73,3.0,7,8,Odesa,Kyivskyi,108300
150,57.2,2,7,20,10,13.8,9,2,Kyiv,Obolon,130100
151,102.1,5,3,16,17,4.0,6,13,Lviv,Center,180800
152,100.2,4,3,11,27,7.9,9,7,Dnipro,Sobornyi,165700
153,50.7,2,16,17,23,0.4,6,15,Lviv,Shevchenkivskyi,115700
154,71.9,3,21,22,13,1.0,5,21,Kharkiv,Center,142300
155,76.6,3,6,12,38,12.6,6,13,Kharkiv,Center,106600
156,61.0,2,5,7,10,3.7,5,10,Kyiv,Solomianka,121000
157,64.8,3,1,5,25,13.7,7,4,Odesa,Peresyp,89500
158,84.1,5,10,22,35,5.1,5,14,Dnipro,Amur-Nyzhnodniprovskyi,133600
159,45.0,2,15,20,35,9.3,9,9,Lviv,Lychakiv,114800
160,129.5,5,4,22,40,5.4,8,13,Dnipro,Shevchenkivskyi,184100
161,122.0,5,6,10,13,14.1,5,16,Kyiv,Podil,174400
162,75.2,3,17,17,31,4.3,7,12,Kharkiv,Kholodnohirskyi,115500
163,111.2,4,1,22,11,10.2,5,24,Lviv,Shevchenkivskyi,127500
164,41.4,2,10,16,35,12.3,7,15,Dnipro,Shevchenkivskyi,66600
165,49.7,3,9,15,25,14.5,5,17,Kharkiv,Osnovianskyi,73300
166,40.4,1,15,21,0,13.1,10,26,Odesa,Center,114900
167,135.5,5,9,15,12,10.1,5,12,Lviv,Lychakiv,168100
168,64.4,3,13,14,39,14.8,4,7,Dnipro,Shevchenkivskyi,77500
169,81.0,3,9,10,4,3.2,5,16,Kyiv,Solomianka,145100
170,80.6,3,11,19,16,3.4,7,17,Dnipro,Center,149000
171,109.9,5,9,9,21,8.6,8,9,Odesa,Kyivskyi,156600
172,72.6,2,23,25,23,7.0,9,20,Lviv,Frankivskyi,135000
173,97.9,4,11,20,1,1.8,7,26,Lviv,Sykhiv,165200
174,89.0,3,5,16,62,6.6,8,12,Lviv,Shevchenkivskyi,127200
175,95.5,4,9,13,60,6.7,6,6,Lviv,Sykhiv,126700
176,58.0,2,12,15,36,0.8,7,27,Kyiv,Solomianka,141700
177,69.1,4,7,20,13,7.6,5,13,Kharkiv,Shevchenkivskyi,108400
178,58.4,2,2,6,0,0.4,8,16,Dnipro,Novokodatskyi,125500
179,55.2,2,1,14,0,13.3,7,32,Kharkiv,Kholodnohirskyi,80000
180,77.0,3,15,21,21,6.3,10,8,Lviv,Shevchenkivskyi,161000
181,35.5,1,3,11,40,2.6,5,7,Odesa,Arcadia,99700
182,88.3,4,15,15,37,7.5,8,15,Lviv,Lychakiv,153500
183,81.3,3,8,16,21,9.6,7,11,Kharkiv,Saltivka,117500
184,90.2,3,8,16,0,8.0,7,22,Odesa,Prymorskyi,148000
185,91.2,5,4,11,12,4.9,4,16,Odesa,Kyivskyi,130100
186,45.6,2,17,22,25,9.2,9,22,Odesa,Prymorskyi,117100
187,92.6,3,2,19,30,2.3,7,11,Lviv,Frankivskyi,162100
188,93.2,3,10,11,48,11.7,7,11,Lviv,Sykhiv,115600
189,133.4,5,3,10,30,8.7,2,9,Kyiv,Center,180300
190,71.8,3,6,7,19,16.4,6,25,Kharkiv,Kholodnohirskyi,92600
191,68.2,4,1,5,63,12.5,6,12,Kyiv,Solomianka,97000
192,59.4,2,1,8,39,9.2,5,16,Lviv,Frankivskyi,74200
193,44.4,1,2,6,17,7.2,5,15,Kyiv,Pechersk,110400
194,51.6,3,11,23,27,0.7,5,16,Kharkiv,Center,108400
195,57.7,2,6,23,34,4.2,5,2,Kharkiv,Osnovianskyi,92300
196,99.4,4,5,9,44,2.1,9,2,Kharkiv,Kholodnohirskyi,177100
197,101.6,5,18,18,16,3.1,6,14,Lviv,Frankivskyi,179700
198,106.5,5,1,11,43,6.7,9,2,Kyiv,Obolon,173700
199,93.3,3,5,15,20,8.3,6,33,Kyiv,Solomianka,125600
200,116.2,5,8,17,1,0.4,5,7,Kyiv,Obolon,200000
201,66.1,3,11,20,14,11.2,6,5,Lviv,Sykhiv,112500
202,36.0,1,10,18,20,9.8,8,3,Kyiv,Pechersk,123100
203,60.0,3,24,25,0,4.8,7,15,Odesa,Prymorskyi,126100
204,55.1,4,5,6,0,16.0,7,25,Dnipro,Amur-Nyzhnodniprovskyi,79600
205,51.4,2,1,9,23,8.5,8,25,Dnipro,Amur-Nyzhnodniprovskyi,81700
206,87.5,4,1,18,30,14.7,7,8,Kharkiv,Kholodnohirskyi,103900
207,101.6,4,3,8,23,7.9,9,14,Odesa,Kyivskyi,166400
208,67.0,2,5,12,40,4.0,3,5,Dnipro,Center,95100
209,69.0,2,1,25,42,7.0,6,20,Dnipro,Center,87300
210,113.0,5,16,23,21,6.1,10,11,Lviv,Center,200000
211,54.7,2,10,11,25,12.6,9,22,Odesa,Center,97200
212,58.9,3,11,22,12,2.0,8,17,Lviv,Shevchenkivskyi,125100
213,42.6,1,10,15,41,8.8,2,3,Kyiv,Podil,93300
214,99.2,4,13,22,31,1.3,8,12,Kyiv,Podil,200000
215,92.2,4,5,25,33,7.2,5,15,Odesa,Arcadia,141500
216,96.9,4,15,18,32,2.4,6,17,Lviv,Sykhiv,161200
217,82.5,3,7,14,43,6.1,7,28,Odesa,Peresyp,103600
218,76.8,3,5,13,17,7.2,8,17,Kharkiv,Osnovianskyi,118900
219,66.2,4,20,20,18,3.8,5,15,Lviv,Center,139200
220,67.4,3,5,18,13,5.6,9,11,Lviv,Shevchenkivskyi,127900
221,127.6,5,19,20,54,8.3,5,11,Kyiv,Obolon,185200
222,56.2,3,1,22,27,12.3,6,12,Lviv,Shevchenkivskyi,80800
223,103.1,4,5,20,10,5.3,6,7,Lviv,Center,161400
224,71.9,2,17,22,14,15.6,5,12,Dnipro,Center,100400
225,82.2,4,11,12,23,6.1,6,6,Kharkiv,Osnovianskyi,112700
226,127.0,5,1,8,55,10.1,7,14,Odesa,Kyivskyi,143700
227,71.6,2,23,23,47,3.4,6,18,Dnipro,Sobornyi,115700
228,49.5,2,6,14,24,4.6,7,5,Lviv,Center,121200
229,63.7,2,1,8,59,11.3,4,12,Lviv,Lychakiv,76500
230,76.4,3,15,18,22,8.0,8,19,Kharkiv,Shevchenkivskyi,128800
231,94.5,4,13,18,14,10.6,7,12,Lviv,Center,164800
232,48.1,2,4,15,19,4.1,7,20,Dnipro,Novokodatskyi,83200
233,67.9,3,15,16,33,1.4,4,12,Odesa,Peresyp,116600
234,88.6,4,3,8,40,5.8,7,6,Odesa,Center,151700
235,55.2,2,6,25,7,2.6,6,18,Odesa,Kyivskyi,115500
236,108.9,5,7,11,21,12.7,6,2,Lviv,Center,165500
237,74.5,3,5,12,30,10.6,7,11,Lviv,Lychakiv,128000
238,78.9,3,12,22,33,0.4,6,15,Odesa,Kyivskyi,140700
239,48.2,2,14,14,1,12.4,6,5,Kyiv,Obolon,113400
240,98.3,4,23,23,60,3.3,9,11,Lviv,Center,187400
241,102.4,5,9,22,6,5.3,6,21,Kyiv,Pechersk,181100
242,133.1,5,2,18,20,16.5,6,25,Odesa,Peresyp,157000
243,104.2,4,5,20,1,4.4,6,6,Kyiv,Podil,187800
244,68.8,3,15,16,0,11.3,6,28,Odesa,Center,115800
245,85.5,3,13,22,0,8.5,8,16,Dnipro,Amur-Nyzhnodniprovskyi,133800
246,78.7,4,15,15,53,6.9,6,25,Kharkiv,Saltivka,107200
247,118.8,5,7,18,44,17.4,6,19,Lviv,Center,150800
248,47.3,2,6,25,33,13.5,7,12,Kharkiv,Saltivka,59200
249,91.4,4,4,9,28,2.7,6,21,Lviv,Center,165600
250,90.5,3,6,7,29,8.2,6,9,Kyiv,Obolon,145400
251,86.0,3,1,23,21,5.4,6,11,Lviv,Frankivskyi,134700
252,83.9,3,3,8,32,7.6,4,2,Dnipro,Amur-Nyzhnodniprovskyi,117200
253,59.4,2,20,24,17,6.8,5,16,Lviv,Frankivskyi,105000
254,56.6,2,10,17,20,2.7,4,16,Kharkiv,Saltivka,89000
255,75.3,3,3,5,15,9.7,6,21,Lviv,Frankivskyi,109300
256,97.0,5,5,5,19,10.7,7,17,Lviv,Frankivskyi,143600
257,61.8,2,13,18,0,12.3,8,9,Dnipro,Novokodatskyi,98800
258,117.3,5,7,15,26,1.0,5,7,Lviv,Shevchenkivskyi,187900
259,93.8,4,4,7,22,12.1,8,25,Lviv,Lychakiv,142400
260,49.8,2,8,10,0,12.7,6,17,Dnipro,Sobornyi,73400
261,95.7,5,1,8,7,5.1,8,8,Kyiv,Pechersk,187500
262,75.1,3,6,23,27,5.2,8,22,Kharkiv,Center,131300
263,94.8,5,2,5,28,11.6,7,18,Dnipro,Sobornyi,128300
264,79.1,4,8,18,12,5.5,8,13,Kharkiv,Center,134900
265,49.8,2,9,12,22,18.6,6,22,Kyiv,Podil,95600
266,64.2,3,5,11,27,4.0,6,8,Lviv,Sykhiv,112500
267,140.4,5,8,22,0,13.6,10,24,Odesa,Kyivskyi,200000
268,123.2,5,2,14,28,11.1,10,2,Odesa,Center,200000
269,92.1,5,14,21,50,6.2,5,17,Kharkiv,Shevchenkivskyi,123400
270,85.6,3,4,6,42,6.3,6,10,Kyiv,Pechersk,162600
271,91.1,4,4,13,12,10.2,7,16,Kharkiv,Kholodnohirskyi,111800
272,71.9,3,7,16,36,2.7,7,16,Kyiv,Pechersk,156600
273,103.9,4,3,15,23,10.4,7,8,Dnipro,Shevchenkivskyi,143900
274,103.2,5,18,19,67,7.5,5,2,Dnipro,Shevchenkivskyi,138700
275,43.7,2,7,11,15,3.1,8,8,Kyiv,Center,135700
276,37.3,3,5,19,43,14.8,8,15,Kyiv,Center,105500
277,53.9,1,16,17,13,14.2,7,17,Kharkiv,Center,88600
278,71.7,3,8,24,47,4.3,5,21,Kyiv,Podil,127600
279,51.4,2,8,21,63,2.0,4,21,Kyiv,Obolon,86300
280,73.9,3,17,23,11,5.9,8,25,Dnipro,Shevchenkivskyi,124200
281,43.3,2,8,23,26,9.5,6,11,Kyiv,Podil,99600
282,97.1,5,12,17,20,20.3,4,17,Dnipro,Center,121800
283,116.1,5,19,23,32,14.4,10,22,Lviv,Sykhiv,167700
284,63.1,2,10,12,28,8.6,9,32,Kharkiv,Osnovianskyi,96100
285,65.0,3,1,15,57,13.4,7,26,Kyiv,Pechersk,106000
286,125.4,4,4,17,58,5.4,8,27,Kharkiv,Saltivka,154600
287,86.6,4,12,24,70,8.5,9,17,Lviv,Lychakiv,146900
288,54.6,3,13,23,28,12.1,4,9,Dnipro,Sobornyi,82500
289,57.6,1,6,9,11,7.4,5,19,Lviv,Shevchenkivskyi,89700
290,103.4,4,8,15,2,10.6,7,11,Kharkiv,Center,140000
291,41.8,1,7,10,35,3.1,7,10,Dnipro,Center,94600
292,86.8,3,7,7,18,9.6,5,6,Odesa,Peresyp,129500
293,112.0,5,3,7,34,2.3,5,12,Kyiv,Pechersk,200000
294,83.2,3,4,15,30,12.1,6,2,Kharkiv,Shevchenkivskyi,105900
295,62.4,3,16,22,38,9.9,8,8,Odesa,Prymorskyi,123200
296,74.0,3,10,25,35,12.5,6,24,Dnipro,Novokodatskyi,98700
297,47.0,2,12,17,24,8.0,7,8,Odesa,Prymorskyi,103400
298,43.7,2,6,7,1,4.4,8,24,Kharkiv,Osnovianskyi,87700
299,103.0,4,19,20,38,11.3,5,29,Odesa,Kyivskyi,132700
300,80.5,3,5,24,25,13.0,9,25,Dnipro,Novokodatskyi,132300
301,50.4,1,7,18,52,13.8,6,17,Kharkiv,Shevchenkivskyi,58700
302,46.6,1,9,13,20,0.4,7,17,Kharkiv,Center,98900
303,49.2,2,4,23,46,12.7,5,19,Odesa,Kyivskyi,73000
304,110.6,5,20,23,54,4.8,7,5,Odesa,Prymorskyi,179600
305,40.4,2,1,12,17,7.2,2,15,Dnipro,Amur-Nyzhnodniprovskyi,51400
306,63.2,3,4,8,0,15.6,10,2,Dnipro,Shevchenkivskyi,125800
307,83.1,4,16,18,38,8.0,3,18,Kyiv,Obolon,119000
308,91.9,3,19,21,45,10.4,7,22,Kyiv,Podil,134000
309,42.2,2,15,16,37,1.1,6,15,Kyiv,Obolon,117200
310,71.7,4,12,22,22,2.7,9,13,Lviv,Shevchenkivskyi,168800
311,67.8,3,4,11,48,3.4,4,13,Kyiv,Center,148300
312,73.5,3,2,5,36,7.4,10,7,Kyiv,Center,186300
313,113.1,5,8,11,11,5.7,9,6,Odesa,Kyivskyi,181300
314,79.7,3,8,8,19,19.9,9,4,Kyiv,Podil,134300
315,55.4,2,5,6,26,4.2,7,15,Kyiv,Podil,128500
316,60.1,2,5,6,36,6.0,4,19,Odesa,Prymorskyi,105000
317,85.7,2,10,16,34,12.4,4,18,Kyiv,Solomianka,110300
318,94.8,4,6,10,5,5.7,5,17,Kyiv,Pechersk,179100
319,66.9,2,8,8,17,13.5,7,4,Lviv,Sykhiv,97000
320,75.4,4,7,14,14,15.8,8,17,Odesa,Arcadia,136800
321,112.7,5,2,10,27,1.2,7,19,Lviv,Shevchenkivskyi,198000
322,56.9,2,8,10,4,9.2,3,20,Kyiv,Podil,110600
323,126.7,5,6,11,31,16.5,5,14,Lviv,Lychakiv,143300
324,84.8,4,10,16,55,10.6,8,10,Kyiv,Center,159400
325,122.6,4,11,21,33,1.2,8,32,Kharkiv,Saltivka,200000
326,53.6,3,2,5,9,9.6,10,14,Odesa,Arcadia,134600
327,66.6,3,9,25,23,8.3,4,12,Odesa,Center,110100
328,41.9,2,5,8,40,4.9,7,10,Kyiv,Center,113200
329,87.7,4,7,9,52,8.5,6,13,Lviv,Center,135400
330,75.2,2,7,21,8,4.6,8,19,Kyiv,Center,170600
331,64.4,4,8,8,28,8.7,7,2,Kharkiv,Kholodnohirskyi,100900
332,86.2,2,8,13,41,15.3,8,25,Kyiv,Podil,124500
333,70.3,4,1,6,51,11.5,4,18,Lviv,Sykhiv,93000
334,60.7,2,3,15,10,10.9,8,2,Lviv,Shevchenkivskyi,115700
335,100.9,4,3,8,2,7.0,6,18,Dnipro,Amur-Nyzhnodniprovskyi,130500
336,74.1,3,13,24,19,8.6,4,25,Lviv,Shevchenkivskyi,94300
337,74.1,2,2,19,30,13.6,8,30,Dnipro,Sobornyi,101000
338,93.2,4,9,15,72,0.6,6,24,Odesa,Peresyp,154800
339,87.9,3,20,22,20,13.6,7,23,Kyiv,Podil,152400
340,45.3,1,1,13,28,1.8,6,3,Kharkiv,Shevchenkivskyi,98400
341,101.1,3,11,19,39,11.4,8,12,Kyiv,Obolon,153700
342,78.8,4,21,24,0,5.7,9,17,Lviv,Shevchenkivskyi,163400
343,103.8,5,9,15,0,8.2,4,12,Kharkiv,Saltivka,127600
344,96.7,4,10,25,44,3.3,6,27,Lviv,Center,171200
345,48.6,2,7,17,20,0.4,7,13,Odesa,Kyivskyi,113200
346,50.1,3,17,23,15,11.0,8,12,Lviv,Shevchenkivskyi,105500
347,74.1,2,10,10,25,11.3,9,23,Kharkiv,Osnovianskyi,110000
348,75.6,2,5,12,61,4.2,7,10,Odesa,Prymorskyi,137700
349,91.0,4,11,22,12,5.0,2,10,Kyiv,Solomianka,138900
350,89.8,4,6,25,23,0.6,6,12,Odesa,Prymorskyi,175100
351,81.3,4,10,22,18,10.9,5,18,Lviv,Lychakiv,120400
352,88.4,4,5,10,56,6.5,6,27,Lviv,Center,139100
353,39.3,2,8,22,20,7.2,4,15,Kyiv,Solomianka,97700
354,90.4,4,11,18,33,9.0,6,14,Dnipro,Shevchenkivskyi,118400
355,104.4,5,12,25,13,7.7,4,3,Kharkiv,Kholodnohirskyi,128900
356,71.8,3,9,10,27,8.4,7,13,Kharkiv,Saltivka,108400
357,32.7,1,2,6,36,13.0,5,16,Kyiv,Podil,67400
358,74.7,3,9,15,20,8.0,8,23,Kharkiv,Saltivka,114500
359,68.9,2,6,15,58,5.5,7,14,Lviv,Shevchenkivskyi,99400
360,49.4,2,20,25,38,10.4,6,30,Kharkiv,Center,80800
361,67.8,2,12,21,24,2.2,6,7,Lviv,Center,145600
362,76.3,3,18,22,24,9.2,7,7,Dnipro,Shevchenkivskyi,107300
363,105.1,5,3,18,60,7.4,5,7,Kharkiv,Kholodnohirskyi,127700
364,54.6,2,5,12,34,3.4,8,8,Kyiv,Center,151000
365,77.8,3,2,23,8,7.0,6,17,Lviv,Center,133200
366,83.2,3,13,17,68,8.0,6,17,Dnipro,Shevchenkivskyi,109900
367,62.3,2,12,25,16,8.1,6,17,Dnipro,Novokodatskyi,88700
368,82.4,2,4,14,17,7.4,3,9,Kyiv,Solomianka,125400
369,51.8,2,4,13,50,12.5,8,12,Odesa,Peresyp,83100
370,72.7,3,3,7,23,13.4,8,7,Dnipro,Novokodatskyi,108100
371,47.9,1,8,15,1,1.6,7,10,Kyiv,Pechersk,149400
372,101.8,5,4,15,25,9.1,4,10,Odesa,Prymorskyi,139300
373,110.6,4,8,14,31,4.8,6,2,Lviv,Sykhiv,153600
374,112.5,5,3,25,55,6.2,3,21,Kharkiv,Shevchenkivskyi,120100
375,69.0,2,9,22,7,0.4,5,2,Dnipro,Novokodatskyi,132100
376,112.5,4,8,9,9,5.5,6,13,Lviv,Frankivskyi,166000
377,89.6,4,3,10,18,2.2,6,17,Kyiv,Solomianka,162300
378,40.7,2,6,13,14,8.2,9,2,Dnipro,Shevchenkivskyi,96400
379,111.1,5,5,8,34,9.3,5,9,Lviv,Lychakiv,149000
380,81.7,4,7,13,23,10.6,6,2,Dnipro,Shevchenkivskyi,126000
381,111.9,5,6,19,29,8.2,9,13,Lviv,Lychakiv,182300
382,92.6,4,12,15,36,12.6,8,3,Kyiv,Solomianka,154000
383,37.4,2,3,10,34,6.6,6,12,Odesa,Kyivskyi,76800
384,76.5,2,1,25,54,12.7,4,22,Kyiv,Pechersk,95100
385,136.6,5,5,18,19,9.8,3,19,Kyiv,Solomianka,177700
386,117.5,5,13,17,24,8.1,7,2,Kyiv,Podil,186500
387,83.1,4,2,24,62,11.5,5,14,Dnipro,Sobornyi,101100
388,78.1,5,14,25,28,3.2,6,23,Dnipro,Novokodatskyi,132000
389,99.8,4,4,23,44,4.4,7,16,Kyiv,Obolon,149100
390,110.4,4,5,5,34,2.1,6,10,Kyiv,Solomianka,187200
391,66.3,3,5,13,49,10.4,5,10,Dnipro,Amur-Nyzhnodniprovskyi,88700
392,69.5,3,16,16,7,7.4,8,7,Dnipro,Sobornyi,133500
393,95.5,3,2,10,37,8.5,8,9,Dnipro,Center,148600
394,53.3,2,7,7,27,13.8,10,11,Dnipro,Center,107000
395,83.4,3,17,17,0,4.9,10,27,Kyiv,Center,192900
396,71.2,3,10,21,53,10.2,9,2,Kyiv,Obolon,139600
397,66.1,2,3,7,0,8.3,5,6,Odesa,Center,121200
398,117.0,4,19,22,19,0.8,10,12,Odesa,Center,200000
399,80.7,3,2,8,46,3.4,6,21,Kyiv,Obolon,145800
400,102.4,4,16,17,15,8.4,3,23,Kyiv,Solomianka,139300
401,108.4,4,8,17,29,6.1,5,6,Lviv,Shevchenkivskyi,163300
402,91.1,4,11,17,42,16.8,8,7,Odesa,Center,142200
403,55.0,2,8,11,0,7.2,5,14,Kharkiv,Saltivka,90000
404,105.1,4,2,8,52,4.5,4,4,Kyiv,Pechersk,166100
405,106.6,4,9,23,39,0.4,7,20,Odesa,Center,189800
406,50.6,2,2,22,24,3.0,6,12,Kyiv,Solomianka,111200
407,72.6,3,7,11,25,4.0,6,9,Kharkiv,Osnovianskyi,110100
408,60.7,3,8,10,23,3.3,7,14,Odesa,Arcadia,129000
409,54.8,3,2,12,45,6.0,3,2,Lviv,Lychakiv,88500
410,73.5,4,9,9,29,3.7,6,8,Kyiv,Pechersk,159400
411,68.6,3,8,13,22,8.6,6,14,Kharkiv,Center,101700
412,119.3,5,6,8,31,15.3,3,17,Lviv,Shevchenkivskyi,143600
413,130.8,5,16,21,43,8.3,5,24,Odesa,Arcadia,176800
414,109.2,4,13,18,0,8.5,6,17,Lviv,Frankivskyi,161100
415,92.0,3,12,19,16,7.4,4,9,Lviv,Sykhiv,127100
416,93.6,3,2,7,0,8.5,7,29,Kharkiv,Shevchenkivskyi,127800
417,97.8,2,5,8,19,6.1,6,21,Odesa,Center,136200
418,71.5,3,1,10,43,11.6,7,28,Kyiv,Podil,108000
419,119.8,5,6,22,25,3.3,5,14,Lviv,Shevchenkivskyi,165200
420,63.1,2,4,7,46,5.9,8,15,Lviv,Shevchenkivskyi,110100
421,65.2,3,16,20,28,5.1,9,17,Odesa,Arcadia,137100
422,67.0,2,8,17,40,11.3,9,8,Dnipro,Novokodatskyi,110300
423,84.7,3,23,24,24,6.0,5,13,Kyiv,Obolon,128500
424,54.9,2,15,24,52,6.6,9,15,Lviv,Center,125500
425,37.4,2,8,9,25,7.0,5,19,Kyiv,Solomianka,92100
426,99.4,4,3,6,28,14.1,8,18,Lviv,Sykhiv,141600
427,73.3,3,1,17,60,13.0,9,14,Lviv,Shevchenkivskyi,122800
428,56.1,2,8,11,20,0.4,9,18,Lviv,Center,151500
429,76.8,3,6,11,53,14.3,4,15,Dnipro,Novokodatskyi,85600
430,35.7,2,8,17,5,8.8,7,16,Odesa,Prymorskyi,83400
431,97.8,4,11,24,49,21.4,4,12,Odesa,Prymorskyi,112500
432,100.0,4,21,22,37,7.8,3,9,Odesa,Peresyp,128200
433,93.3,4,18,19,33,5.6,9,16,Dnipro,Shevchenkivskyi,157900
434,61.1,3,6,22,0,9.9,7,12,Lviv,Lychakiv,118100
435,98.4,3,5,5,26,12.3,4,15,Lviv,Center,142400
436,103.1,5,5,22,53,4.5,5,12,Dnipro,Novokodatskyi,136200
437,41.2,2,2,6,23,9.8,7,25,Odesa,Center,89300
438,77.1,3,8,16,14,6.1,6,19,Lviv,Lychakiv,121000
439,73.1,3,12,18,14,7.9,6,7,Odesa,Center,123800
440,45.6,2,4,8,49,4.6,6,8,Dnipro,Shevchenkivskyi,83500
441,79.5,2,19,25,17,4.4,8,6,Odesa,Arcadia,147100
442,78.9,2,20,22,27,3.6,7,4,Kyiv,Pechersk,185800
443,69.5,2,10,15,2,7.8,9,7,Lviv,Sykhiv,137400
444,125.7,5,3,6,33,3.0,5,21,Dnipro,Shevchenkivskyi,173700
445,57.2,2,9,13,56,1.7,6,11,Lviv,Frankivskyi,116100
446,51.5,2,5,12,45,8.2,6,2,Lviv,Frankivskyi,105000
447,100.2,5,4,23,57,4.4,6,13,Dnipro,Shevchenkivskyi,134300
448,117.5,4,14,18,59,9.6,6,16,Kyiv,Center,164900
449,85.4,3,2,21,23,5.1,9,8,Kharkiv,Center,159000
450,128.2,5,2,7,4,0.4,8,18,Kyiv,Obolon,200000
451,78.8,3,5,18,46,7.9,4,17,Odesa,Center,119900
452,83.9,3,3,7,14,8.2,5,17,Odesa,Peresyp,111000
453,66.5,3,1,25,43,7.8,5,5,Dnipro,Amur-Nyzhnodniprovskyi,96200
454,52.1,3,11,11,37,2.2,9,16,Dnipro,Novokodatskyi,112300
455,118.3,5,3,5,3,6.7,6,12,Kyiv,Solomianka,175500
456,57.0,1,16,22,19,0.4,3,10,Kyiv,Solomianka,113700
457,41.2,2,9,24,40,13.7,7,22,Lviv,Shevchenkivskyi,72700
458,108.7,5,13,25,32,8.0,8,18,Lviv,Sykhiv,160200
459,77.6,3,18,19,47,8.3,6,14,Lviv,Shevchenkivskyi,123100
460,95.2,5,10,16,31,8.6,10,2,Lviv,Lychakiv,176700
461,112.4,5,9,22,23,8.1,8,11,Odesa,Kyivskyi,169700
462,125.4,5,7,12,11,7.7,8,31,Dnipro,Novokodatskyi,161400
463,50.9,2,3,11,8,5.0,9,10,Lviv,Shevchenkivskyi,117800
464,87.2,3,5,7,23,0.5,6,20,Kharkiv,Shevchenkivskyi,159600
465,97.3,4,10,18,15,0.4,8,29,Kyiv,Center,200000
466,48.6,2,20,24,55,6.9,9,15,Lviv,Frankivskyi,113400
467,45.8,2,16,24,18,6.5,5,20,Dnipro,Shevchenkivskyi,73800
468,58.0,1,7,13,53,8.7,9,16,Kyiv,Pechersk,133200
469,109.1,4,8,19,29,0.5,8,2,Kyiv,Obolon,200000
470,83.6,3,21,21,3,13.1,4,5,Dnipro,Amur-Nyzhnodniprovskyi,104300
471,110.5,5,5,6,50,1.7,8,19,Kharkiv,Center,185800
472,98.1,4,10,14,38,13.5,5,21,Lviv,Sykhiv,115500
473,93.1,5,5,22,48,4.4,7,23,Odesa,Center,155100
474,111.2,5,23,25,36,9.6,4,17,Kharkiv,Shevchenkivskyi,138600
475,46.4,2,20,21,0,11.7,6,4,Lviv,Sykhiv,100600
476,109.6,5,3,9,19,7.7,6,9,Kharkiv,Osnovianskyi,149700
477,84.8,4,1,11,34,5.0,6,2,Kharkiv,Saltivka,123300
478,83.3,3,15,20,28,6.0,7,9,Odesa,Center,138100
479,84.9,4,3,10,16,11.4,7,15,Odesa,Peresyp,121600
480,62.5,3,6,18,25,9.4,8,7,Odesa,Peresyp,101400
481,54.6,2,1,6,34,8.0,5,26,Odesa,Peresyp,64100
482,44.1,2,6,13,29,2.1,6,10,Dnipro,Novokodatskyi,83300
483,133.8,5,7,14,30,4.5,6,2,Kyiv,Solomianka,196900
484,83.8,3,16,20,28,10.8,3,15,Lviv,Frankivskyi,119100
485,37.8,1,10,11,21,12.2,6,9,Kyiv,Center,110900
486,85.9,3,3,7,15,5.7,9,14,Odesa,Center,155500
487,93.3,4,4,10,25,5.5,8,6,Lviv,Lychakiv,145100
488,74.0,2,11,22,0,0.4,7,16,Dnipro,Sobornyi,145000
489,93.3,4,10,11,48,4.3,4,20,Odesa,Peresyp,123500
490,105.7,4,6,22,42,3.5,6,2,Kharkiv,Saltivka,144900
491,91.9,4,6,12,35,0.4,8,15,Dnipro,Shevchenkivskyi,176600
492,98.5,5,4,5,17,9.7,6,9,Kyiv,Center,179400
493,98.3,5,5,21,56,7.8,7,2,Kharkiv,Saltivka,140200
494,119.4,5,3,7,5,6.1,7,2,Kyiv,Podil,193000
495,96.6,4,4,11,18,6.2,9,16,Lviv,Shevchenkivskyi,151100
496,61.0,3,4,21,30,8.6,8,12,Lviv,Frankivskyi,120300
497,80.7,4,9,15,41,5.3,7,2,Dnipro,Shevchenkivskyi,131100
498,46.5,1,21,23,45,11.1,4,9,Kyiv,Center,99500
499,45.7,3,5,23,13,14.3,8,13,Dnipro,Novokodatskyi,80100
500,73.3,3,9,24,24,11.3,6,10,Lviv,Lychakiv,105100
501,72.1,4,16,16,31,4.8,7,15,Dnipro,Shevchenkivskyi,111700
502,69.0,3,21,22,19,10.9,7,4,Kyiv,Center,150900
503,78.7,4,4,15,25,9.9,4,16,Kyiv,Pechersk,130700
504,90.5,4,16,23,51,12.1,8,12,Dnipro,Novokodatskyi,127600
505,124.3,5,13,24,31,4.5,9,19,Lviv,Sykhiv,200000
506,114.3,5,3,9,27,3.9,7,7,Kyiv,Solomianka,183300
507,62.5,3,12,18,1,13.4,6,7,Kyiv,Podil,121200
508,43.8,3,5,5,0,9.3,5,24,Kharkiv,Saltivka,59400
509,68.3,3,14,17,44,1.1,6,9,Kyiv,Solomianka,146200
510,105.6,5,3,9,79,14.0,7,24,Lviv,Sykhiv,135300
511,46.4,2,14,19,13,4.0,5,2,Dnipro,Sobornyi,105000
512,55.2,2,12,12,13,2.9,6,7,Lviv,Frankivskyi,117700
513,74.2,3,2,7,45,6.8,4,22,Kharkiv,Osnovianskyi,77000
514,45.6,2,3,20,23,5.2,4,4,Lviv,Shevchenkivskyi,84400
515,98.6,3,19,20,32,7.0,5,28,Kharkiv,Osnovianskyi,110800
516,90.6,3,9,23,19,12.2,7,15,Lviv,Center,143500
517,38.4,1,7,7,28,8.2,5,9,Kharkiv,Osnovianskyi,53600
518,83.0,4,12,19,12,8.7,5,11,Kyiv,Center,149300
519,65.1,3,8,9,33,7.6,5,5,Dnipro,Center,112600
520,57.0,2,9,25,11,7.6,6,18,Dnipro,Sobornyi,100100
521,58.5,2,3,13,11,2.8,6,11,Lviv,Shevchenkivskyi,128100
522,125.7,5,21,22,23,2.2,9,5,Lviv,Sykhiv,200000
523,60.6,3,15,17,43,8.6,4,13,Lviv,Sykhiv,83300
524,89.1,4,1,5,27,7.8,6,17,Kyiv,Podil,144900
525,93.3,4,3,24,32,13.2,7,18,Lviv,Frankivskyi,128100
526,91.8,5,7,9,52,2.1,3,2,Odesa,Center,153600
527,59.7,1,15,25,36,10.7,6,2,Kharkiv,Shevchenkivskyi,93300
528,60.0,3,4,6,13,0.4,10,13,Dnipro,Shevchenkivskyi,161100
529,74.7,4,8,10,17,11.9,8,4,Kyiv,Center,164500
530,92.4,4,9,23,32,7.6,6,2,Kyiv,Obolon,151200
531,87.9,4,1,17,55,0.4,6,5,Kyiv,Center,186100
532,78.2,5,4,20,28,0.4,5,6,Kharkiv,Center,160900
533,66.5,3,10,19,14,5.8,6,22,Lviv,Center,128100
534,113.3,4,6,7,15,4.8,7,16,Kyiv,Obolon,179600
535,74.6,4,8,14,36,0.4,6,2,Kharkiv,Shevchenkivskyi,151600
536,64.8,3,11,11,9,5.0,5,7,Kyiv,Center,133400
537,58.4,3,1,20,40,0.4,7,26,Kyiv,Solomianka,130100
538,85.3,4,8,8,9,1.0,4,28,Kyiv,Pechersk,177900
539,100.8,4,11,18,59,12.3,2,11,Kyiv,Solomianka,119700
540,78.6,3,1,11,69,4.1,6,17,Kharkiv,Osnovianskyi,102000
541,79.1,2,2,6,43,14.6,9,3,Lviv,Sykhiv,114100
542,45.9,3,19,25,29,11.0,5,19,Kyiv,Obolon,86100
543,51.9,2,3,12,47,6.5,6,18,Dnipro,Sobornyi,89500
544,65.4,3,2,8,28,0.9,4,23,Kharkiv,Saltivka,107200
545,61.2,3,16,20,58,10.5,9,25,Lviv,Frankivskyi,116000
546,59.6,2,2,19,2,8.7,7,9,Lviv,Lychakiv,108300
547,49.5,3,19,23,10,6.1,8,11,Kyiv,Solomianka,119300
548,58.1,2,7,11,46,8.9,6,12,Dnipro,Shevchenkivskyi,83900
549,118.5,4,8,9,32,6.3,4,19,Lviv,Frankivskyi,151100
550,43.4,3,14,19,54,9.5,8,22,Kyiv,Solomianka,93200
551,114.7,4,2,12,17,2.9,8,18,Dnipro,Novokodatskyi,173800
552,61.3,2,4,12,0,4.7,9,22,Odesa,Kyivskyi,119200
553,113.6,5,17,20,30,12.9,7,2,Kyiv,Solomianka,169800
554,75.0,4,7,18,43,10.0,8,12,Kharkiv,Kholodnohirskyi,108800
555,53.4,2,1,23,33,12.5,6,22,Odesa,Prymorskyi,89000
556,84.8,4,3,25,27,2.3,8,7,Kyiv,Podil,182700
557,78.3,4,5,7,0,12.9,5,32,Dnipro,Novokodatskyi,102600
558,49.0,2,12,16,46,10.1,9,25,Dnipro,Center,99100
559,58.8,3,23,23,41,9.4,9,15,Kyiv,Podil,141100
560,61.2,3,17,20,34,5.2,6,11,Kyiv,Obolon,115700
561,72.0,2,2,7,47,11.4,5,29,Odesa,Prymorskyi,100100
562,48.9,2,5,20,55,11.4,5,9,Lviv,Center,87200
563,119.3,4,1,25,31,7.1,7,18,Kharkiv,Osnovianskyi,133300
564,69.4,2,8,15,49,1.7,5,19,Kharkiv,Saltivka,100700
565,113.6,4,8,12,57,4.9,8,17,Lviv,Frankivskyi,169000
566,84.1,4,3,10,46,11.2,4,12,Lviv,Frankivskyi,111800
567,137.2,5,6,16,19,9.5,9,3,Kyiv,Center,200000
568,78.2,4,4,5,41,14.5,5,31,Kyiv,Obolon,105600
569,129.6,5,10,20,52,14.9,6,26,Kyiv,Solomianka,157900
570,64.9,3,2,6,41,6.5,6,25,Dnipro,Amur-Nyzhnodniprovskyi,88800
571,47.2,3,17,23,36,9.3,10,14,Kyiv,Podil,134300
572,89.0,5,7,17,15,1.4,7,11,Odesa,Kyivskyi,168800
573,52.3,2,1,16,14,6.6,8,30,Dnipro,Amur-Nyzhnodniprovskyi,79800
574,94.9,3,7,10,37,6.9,5,20,Kyiv,Obolon,129700
575,73.6,4,5,7,0,7.6,6,2,Kyiv,Podil,156100
576,72.7,2,3,11,11,9.3,5,2,Lviv,Shevchenkivskyi,110900
577,62.8,2,1,5,20,9.7,8,7,Lviv,Shevchenkivskyi,99600
578,69.8,2,1,12,29,10.2,7,17,Kyiv,Podil,118500
579,74.0,3,4,20,33,2.4,9,20,Dnipro,Novokodatskyi,138500
580,63.7,3,1,10,21,6.8,8,20,Odesa,Arcadia,120000
581,85.8,4,6,25,33,8.1,4,18,Lviv,Shevchenkivskyi,122000
582,60.9,2,19,22,11,6.0,7,18,Lviv,Sykhiv,112300
583,65.0,3,9,9,23,8.0,8,23,Dnipro,Amur-Nyzhnodniprovskyi,94800
584,106.3,4,7,8,0,5.8,7,22,Kharkiv,Osnovianskyi,126600
585,90.2,4,17,24,42,7.9,5,14,Odesa,Prymorskyi,131800
586,50.6,2,3,14,2,10.7,10,2,Dnipro,Sobornyi,119300
587,98.2,4,1,8,22,8.9,4,18,Kyiv,Center,153600
588,62.6,3,4,8,28,4.9,6,13,Kyiv,Center,140100
589,122.7,5,20,21,36,7.8,9,23,Kyiv,Podil,200000
590,92.5,4,1,22,25,9.5,6,16,Kyiv,Pechersk,158800
591,90.9,4,3,8,52,13.9,2,5,Dnipro,Shevchenkivskyi,102800
592,50.2,2,10,16,34,6.3,6,12,Lviv,Sykhiv,93500
593,94.4,4,9,12,0,0.4,9,2,Lviv,Shevchenkivskyi,200000
594,120.7,5,4,20,30,3.1,8,12,Kharkiv,Kholodnohirskyi,181100
595,130.2,5,2,10,0,5.5,7,19,Lviv,Shevchenkivskyi,192600
596,105.4,4,19,23,13,6.4,10,9,Lviv,Frankivskyi,186000
597,123.0,5,8,9,26,10.2,7,3,Odesa,Peresyp,161900
598,94.5,4,2,5,9,2.5,8,20,Kyiv,Center,200000
599,87.6,3,7,19,25,6.1,9,4,Kyiv,Center,182400
600,78.6,3,4,18,26,4.6,8,8,Dnipro,Novokodatskyi,135100
601,87.5,4,8,10,0,4.0,7,4,Kyiv,Solomianka,174000
602,87.5,3,18,20,6,10.8,5,7,Odesa,Kyivskyi,130300
603,88.9,4,1,6,13,5.5,6,4,Kharkiv,Osnovianskyi,131100
604,67.4,1,12,18,52,10.7,7,15,Odesa,Prymorskyi,106900
605,109.3,5,11,22,35,13.9,7,5,Kyiv,Center,183000
606,90.7,2,13,17,0,6.6,7,2,Lviv,Center,156900
607,75.5,3,10,24,11,4.4,8,2,Kyiv,Obolon,159800
608,57.2,2,13,23,43,9.6,4,26,Dnipro,Novokodatskyi,65800
609,64.8,4,14,20,41,9.5,10,10,Odesa,Peresyp,123500
610,87.8,3,10,13,45,0.8,6,2,Dnipro,Amur-Nyzhnodniprovskyi,143500
611,108.5,4,9,19,22,12.6,6,4,Odesa,Peresyp,132000
612,93.5,4,5,19,32,8.0,9,16,Lviv,Shevchenkivskyi,140000
613,85.4,4,11,14,16,11.2,9,15,Lviv,Center,165600
614,59.3,3,14,22,10,0.4,8,16,Kyiv,Center,178700
615,87.4,4,1,20,59,16.5,8,11,Kyiv,Podil,142000
616,113.3,4,5,17,0,8.0,9,10,Kyiv,Obolon,193200
617,122.9,5,2,7,22,1.2,5,8,Dnipro,Novokodatskyi,199300
618,120.0,5,5,11,36,4.3,7,6,Dnipro,Sobornyi,171500
619,63.5,2,13,13,40,11.4,6,11,Lviv,Center,96900
620,39.8,2,6,6,0,13.3,5,14,Kyiv,Solomianka,89500
621,114.3,4,8,12,7,0.4,9,2,Odesa,Prymorskyi,200000
622,120.1,5,8,10,12,1.2,4,15,Kyiv,Center,200000
623,103.6,5,11,18,20,5.6,3,20,Kyiv,Center,160100
624,44.2,1,11,22,41,6.5,7,25,Dnipro,Novokodatskyi,72200
625,31.5,1,3,23,42,10.1,7,11,Odesa,Arcadia,70200
626,106.4,4,8,15,0,0.4,7,13,Odesa,Arcadia,200000
627,56.1,2,8,17,33,8.5,7,4,Kharkiv,Saltivka,85200
628,129.1,5,1,10,54,3.6,8,14,Kyiv,Center,200000
629,49.6,2,16,19,9,12.7,8,20,Lviv,Shevchenkivskyi,108400
630,95.4,4,10,11,40,9.3,10,13,Dnipro,Shevchenkivskyi,151100
631,38.7,2,8,19,26,2.8,8,13,Kyiv,Pechersk,131500
632,129.2,5,14,17,35,7.2,5,16,Kyiv,Podil,185600
633,73.3,3,23,24,47,7.5,6,14,Lviv,Frankivskyi,128200
634,88.5,4,5,6,56,8.7,7,7,Lviv,Lychakiv,131900
635,63.6,2,6,8,26,9.8,7,25,Lviv,Center,103400
636,61.5,3,9,13,10,3.8,10,4,Dnipro,Amur-Nyzhnodniprovskyi,156100
637,79.3,4,2,19,16,8.1,7,18,Dnipro,Sobornyi,127600
638,71.0,4,4,6,26,3.1,9,5,Kyiv,Obolon,167900
639,50.2,3,3,10,48,7.5,3,3,Kharkiv,Shevchenkivskyi,71500
640,77.2,3,2,7,19,8.3,4,15,Kyiv,Center,137600
641,68.3,2,3,15,4,12.4,7,12,Dnipro,Center,99400
642,82.2,5,20,25,29,11.3,6,12,Odesa,Prymorskyi,123600
643,50.7,3,6,14,3,9.7,4,4,Kharkiv,Osnovianskyi,76800
644,54.6,3,1,7,20,9.1,6,15,Kyiv,Podil,105800
645,49.9,1,11,14,29,4.1,5,20,Dnipro,Sobornyi,89800
646,111.6,4,3,18,31,7.8,3,8,Kyiv,Obolon,147200
647,76.3,4,22,25,23,5.1,2,3,Lviv,Center,135900
648,71.1,3,3,9,16,6.0,5,14,Kyiv,Obolon,131700
649,45.4,2,14,18,30,13.0,8,8,Odesa,Peresyp,84300
650,97.6,5,6,19,31,9.5,3,22,Kyiv,Center,155900
651,81.7,3,9,24,35,2.0,10,16,Dnipro,Shevchenkivskyi,159100
652,60.1,2,1,5,10,6.9,7,9,Kyiv,Solomianka,106800
653,93.4,4,12,24,59,3.3,2,7,Lviv,Shevchenkivskyi,125500
654,35.4,2,1,11,30,9.1,9,9,Kyiv,Pechersk,107600
655,55.6,2,14,20,47,10.2,7,21,Odesa,Peresyp,91900
656,36.8,1,10,14,32,9.6,5,12,Kharkiv,Kholodnohirskyi,58600
657,130.9,5,24,24,4,4.0,6,5,Kharkiv,Kholodnohirskyi,185100
658,119.9,5,12,12,7,8.3,7,5,Odesa,Peresyp,160000
659,112.2,5,12,25,44,2.9,7,21,Kyiv,Obolon,197900
660,58.4,3,15,15,66,0.6,4,12,Lviv,Lychakiv,112100
661,125.2,5,16,16,4,10.2,3,9,Lviv,Lychakiv,156400
662,50.7,2,7,8,51,12.4,6,15,Dnipro,Amur-Nyzhnodniprovskyi,74800
663,111.0,4,2,21,36,8.9,5,18,Kharkiv,Saltivka,128900
664,60.0,2,5,6,42,7.2,8,10,Odesa,Kyivskyi,98400
665,118.3,4,2,8,35,8.7,4,16,Dnipro,Center,139700
666,48.5,1,6,16,1,6.5,4,15,Odesa,Peresyp,70500
667,86.5,3,8,11,36,15.1,6,29,Kharkiv,Shevchenkivskyi,98200
668,75.7,4,12,18,36,5.2,6,14,Odesa,Prymorskyi,123800
669,101.1,4,17,19,37,8.7,5,18,Dnipro,Sobornyi,131200
670,121.6,5,7,10,35,14.5,8,8,Kyiv,Solomianka,168600
671,130.3,5,10,21,23,0.4,8,9,Kharkiv,Center,200000
672,115.3,5,20,21,28,13.6,5,9,Dnipro,Shevchenkivskyi,144200
673,86.9,3,13,25,0,9.0,3,23,Odesa,Peresyp,113700
674,76.8,3,18,21,24,5.9,8,13,Lviv,Frankivskyi,138900
675,82.1,3,17,18,59,8.7,7,6,Kharkiv,Osnovianskyi,114400
676,96.4,5,1,23,20,0.4,8,22,Lviv,Center,178500
677,106.1,4,22,23,43,10.3,8,14,Odesa,Peresyp,145700
678,103.5,4,14,18,34,8.9,7,21,Odesa,Arcadia,150200
679,89.0,3,9,17,41,2.0,5,26,Lviv,Sykhiv,138500
680,103.6,4,5,19,35,12.8,6,2,Kharkiv,Kholodnohirskyi,122700
681,95.4,4,7,8,22,10.8,8,12,Lviv,Center,168400
682,135.7,5,3,9,47,8.5,5,20,Kyiv,Podil,178400
683,103.1,4,3,16,28,10.7,5,5,Lviv,Frankivskyi,138000
684,73.6,3,9,9,3,2.5,4,12,Kharkiv,Kholodnohirskyi,113700
685,100.9,4,7,12,12,6.8,7,10,Dnipro,Center,143900
686,108.9,4,9,14,5,3.5,4,31,Lviv,Center,180200
687,124.6,4,1,21,23,15.2,9,15,Odesa,Center,177800
688,104.3,5,7,7,7,3.6,6,6,Dnipro,Sobornyi,162400
689,71.1,2,7,15,46,7.4,7,18,Kharkiv,Saltivka,95700
690,97.6,5,1,10,64,4.5,5,17,Kyiv,Podil,155100
691,51.8,2,1,8,19,9.7,9,6,Lviv,Sykhiv,98300
692,122.8,5,14,22,43,8.5,7,2,Dnipro,Amur-Nyzhnodniprovskyi,145900
693,126.2,5,21,22,15,8.3,5,11,Kyiv,Solomianka,180100
694,99.1,5,4,10,45,2.9,6,21,Odesa,Arcadia,166500
695,125.6,5,1,10,9,16.9,8,13,Kyiv,Obolon,181500
696,105.9,5,1,14,61,10.4,8,17,Dnipro,Shevchenkivskyi,137400
697,93.3,5,10,11,27,0.4,6,28,Dnipro,Sobornyi,154500
698,61.0,2,8,11,14,11.4,6,18,Odesa,Kyivskyi,91400
699,73.7,4,18,18,12,13.1,5,15,Kharkiv,Osnovianskyi,87400
700,78.1,4,4,19,7,2.5,9,18,Dnipro,Center,158000
701,50.3,2,2,5,36,7.2,3,9,Kyiv,Center,100000
702,84.7,4,12,20,16,12.6,7,11,Kyiv,Solomianka,130100
703,49.0,2,9,10,48,10.1,9,9,Kyiv,Obolon,105600
704,50.6,2,8,23,33,12.8,5,12,Kyiv,Solomianka,102100
705,83.8,3,4,5,0,0.7,3,32,Kyiv,Solomianka,155000
706,61.0,2,2,16,9,9.9,6,13,Lviv,Lychakiv,108600
707,68.2,2,2,5,59,12.2,6,19,Lviv,Center,105600
708,43.8,2,1,18,24,2.2,5,11,Kyiv,Podil,117500
709,125.0,5,8,21,0,14.8,5,4,Kyiv,Pechersk,180100
710,50.3,3,11,17,21,12.8,5,15,Odesa,Peresyp,77400
711,62.6,2,5,6,23,15.8,8,5,Dnipro,Center,108800
712,99.6,4,14,19,14,12.1,5,4,Lviv,Shevchenkivskyi,151200
713,76.5,3,5,5,23,6.1,4,23,Dnipro,Amur-Nyzhnodniprovskyi,81400
714,59.9,2,6,19,41,7.8,10,20,Kyiv,Solomianka,128800
715,63.2,3,8,9,7,6.0,8,13,Lviv,Sykhiv,121900
716,43.1,1,4,6,26,0.6,10,11,Odesa,Arcadia,133600
717,88.2,3,23,24,0,4.6,9,25,Kyiv,Pechersk,187200
718,48.4,3,8,20,0,13.1,5,11,Lviv,Frankivskyi,87100
719,94.2,4,7,17,23,0.7,8,15,Kyiv,Obolon,194800
720,49.4,2,12,23,39,8.6,7,16,Lviv,Shevchenkivskyi,93900
721,64.9,2,2,5,24,12.9,3,26,Kharkiv,Shevchenkivskyi,71600
722,64.8,3,12,16,47,1.8,3,42,Lviv,Center,114600
723,49.7,2,4,11,21,0.7,6,10,Kharkiv,Center,118200
724,97.0,3,13,14,9,9.5,8,10,Odesa,Center,155200
725,127.5,5,7,7,19,1.0,7,23,Kyiv,Solomianka,200000
726,67.0,2,16,16,26,6.4,4,13,Dnipro,Novokodatskyi,95100
727,86.7,4,8,19,64,4.4,7,22,Kharkiv,Osnovianskyi,113000
728,59.8,3,8,14,43,4.3,6,23,Kharkiv,Saltivka,94900
729,73.1,2,5,15,45,5.4,7,15,Lviv,Lychakiv,125800
730,62.2,2,7,7,27,7.0,8,20,Lviv,Center,126000
731,56.0,2,4,13,41,3.1,1,27,Odesa,Prymorskyi,88300
732,33.8,1,13,17,59,10.8,4,26,Dnipro,Shevchenkivskyi,44700
733,108.9,5,8,11,56,8.1,9,5,Kharkiv,Shevchenkivskyi,160900
734,100.0,4,7,18,38,0.4,8,18,Dnipro,Shevchenkivskyi,179500
735,121.5,5,11,16,29,8.2,8,14,Kharkiv,Saltivka,151800
736,64.1,4,3,9,32,21.8,6,2,Dnipro,Shevchenkivskyi,80800
737,109.1,5,3,17,26,4.7,6,22,Kharkiv,Osnovianskyi,149000
738,47.3,3,6,6,41,6.7,6,20,Lviv,Sykhiv,97000
739,58.4,2,3,6,22,4.8,6,19,Lviv,Frankivskyi,102400
740,50.7,1,7,17,42,9.6,7,3,Kyiv,Center,123200
741,80.8,3,9,19,39,11.6,10,2,Odesa,Peresyp,142900
742,77.1,4,15,19,8,1.0,5,10,Odesa,Arcadia,179400
743,68.1,3,8,18,0,10.2,9,7,Lviv,Sykhiv,133500
744,47.5,2,5,10,22,11.6,5,13,Dnipro,Novokodatskyi,66800
745,115.2,4,6,8,44,9.4,7,15,Dnipro,Sobornyi,139200
746,56.7,2,23,25,29,5.2,5,10,Lviv,Sykhiv,107100
747,34.5,2,11,15,54,7.5,4,23,Kyiv,Center,95700
748,51.6,3,1,10,0,5.3,6,23,Kyiv,Obolon,117200
749,89.0,4,1,11,41,11.8,5,12,Kyiv,Center,143500
750,86.0,3,10,17,0,1.8,7,21,Odesa,Peresyp,152900
751,67.1,3,1,18,35,11.6,6,18,Kyiv,Pechersk,129300
752,100.6,4,1,10,18,5.6,7,9,Kyiv,Center,183900
753,119.7,5,4,12,39,10.6,7,26,Kyiv,Pechersk,178900
754,72.5,4,20,25,41,6.4,7,15,Kyiv,Pechersk,155300
755,92.2,4,6,23,0,7.5,7,9,Odesa,Center,161800
756,64.5,2,14,15,0,6.7,6,32,Lviv,Frankivskyi,110200
757,85.9,4,2,5,51,15.0,7,18,Lviv,Shevchenkivskyi,116300
758,84.2,4,4,14,34,9.3,7,32,Lviv,Frankivskyi,126600
759,94.7,4,25,25,40,15.2,7,2,Odesa,Kyivskyi,136900
760,106.4,4,2,22,39,13.0,5,14,Dnipro,Sobornyi,135600
761,109.8,4,1,25,26,12.3,7,17,Dnipro,Novokodatskyi,125800
762,50.3,2,4,11,48,2.8,6,9,Kharkiv,Shevchenkivskyi,95000
763,54.5,2,7,19,42,6.4,10,33,Kyiv,Obolon,129500
764,73.3,2,5,18,39,10.9,4,22,Lviv,Frankivskyi,96900
765,82.3,4,7,13,51,2.7,7,6,Kharkiv,Saltivka,141100
766,92.4,4,1,5,65,12.2,4,8,Kyiv,Pechersk,139700
767,128.1,5,19,25,42,15.9,8,18,Lviv,Lychakiv,170600
768,55.8,2,16,16,33,4.6,5,21,Kharkiv,Shevchenkivskyi,89700
769,59.0,3,23,25,35,4.4,4,10,Lviv,Frankivskyi,109400
770,59.8,1,1,10,1,9.0,7,12,Lviv,Frankivskyi,94700
771,76.6,3,9,18,45,5.6,5,2,Dnipro,Center,116200
772,96.0,5,6,8,11,8.9,5,17,Odesa,Kyivskyi,145500
773,133.8,5,7,7,27,5.7,4,7,Dnipro,Center,160900
774,55.2,3,4,21,43,0.4,8,15,Kyiv,Podil,151800
775,60.1,3,20,25,17,12.5,8,17,Kyiv,Pechersk,139100
776,65.1,2,1,8,17,14.5,8,25,Kyiv,Center,125200
777,57.0,3,9,21,11,12.1,6,10,Kharkiv,Center,102300
778,142.7,5,13,17,0,0.4,3,24,Lviv,Sykhiv,200000
779,93.3,4,4,24,21,10.0,5,9,Kyiv,Obolon,131400
780,89.8,4,1,11,12,18.8,6,15,Lviv,Shevchenkivskyi,110600
781,127.8,5,10,12,1,0.4,7,16,Lviv,Center,200000
782,133.7,5,10,17,0,2.0,5,25,Kharkiv,Kholodnohirskyi,180500
783,39.2,1,15,22,28,9.9,8,23,Dnipro,Novokodatskyi,77000
784,54.0,3,7,8,18,8.6,6,20,Kyiv,Pechersk,120300
785,57.6,2,3,8,48,13.1,5,2,Lviv,Sykhiv,83100
786,119.3,5,11,25,3,2.4,8,13,Lviv,Frankivskyi,200000
787,126.9,5,2,13,33,6.9,7,8,Odesa,Peresyp,171900
788,80.6,4,1,17,39,5.3,9,17,Kyiv,Center,175600
789,100.7,4,19,24,24,8.3,8,5,Lviv,Sykhiv,156100
790,105.2,4,10,24,28,11.6,9,18,Kyiv,Podil,170000
791,75.5,3,16,23,14,5.4,6,9,Odesa,Prymorskyi,150600
792,52.6,2,12,12,0,6.6,2,17,Kyiv,Podil,90200
793,132.7,5,5,5,0,3.8,8,7,Dnipro,Shevchenkivskyi,200000
794,77.3,3,9,11,55,5.6,7,14,Lviv,Center,126100
795,72.4,3,10,20,36,10.0,6,16,Dnipro,Shevchenkivskyi,96500
796,93.4,3,7,9,15,12.0,6,24,Dnipro,Shevchenkivskyi,102700
797,54.7,4,11,25,44,0.4,4,8,Kyiv,Obolon,128900
798,68.5,3,7,10,50,9.7,1,12,Kyiv,Pechersk,109300
799,61.1,2,2,8,13,12.0,8,9,Lviv,Lychakiv,103500
800,133.9,5,3,8,31,0.4,10,12,Kyiv,Solomianka,200000
801,43.9,3,7,10,10,7.8,6,5,Kyiv,Podil,113900
802,43.9,2,4,25,8,7.6,5,12,Dnipro,Amur-Nyzhnodniprovskyi,71100
803,32.6,1,2,6,33,1.7,5,19,Kharkiv,Shevchenkivskyi,73500
804,131.0,5,6,22,27,0.4,9,21,Dnipro,Center,200000
805,114.6,5,8,9,49,5.6,4,21,Kharkiv,Osnovianskyi,131600
806,89.9,4,2,6,23,13.1,9,15,Odesa,Arcadia,159600
807,66.1,3,5,7,46,7.4,8,21,Odesa,Peresyp,101700
808,89.0,4,2,11,24,5.1,5,6,Kyiv,Podil,150300
809,87.3,4,5,18,5,4.3,9,2,Dnipro,Novokodatskyi,171300
810,50.3,3,3,7,42,4.8,5,11,Kyiv,Podil,119700
811,61.0,4,7,12,56,15.0,6,21,Kharkiv,Shevchenkivskyi,85600
812,103.3,4,10,23,29,1.7,6,18,Kharkiv,Osnovianskyi,154200
813,54.8,3,18,22,2,0.4,5,10,Kharkiv,Kholodnohirskyi,117100
814,92.2,4,9,23,19,14.3,7,26,Kyiv,Solomianka,132900
815,69.8,2,15,16,33,3.9,6,2,Kyiv,Solomianka,141800
816,62.9,3,11,18,0,11.1,4,19,Kharkiv,Shevchenkivskyi,91800
817,43.1,2,1,20,5,12.1,6,2,Kyiv,Solomianka,91100
818,89.7,3,7,8,8,10.4,7,14,Odesa,Peresyp,124000
819,95.7,4,20,21,57,12.2,7,23,Lviv,Shevchenkivskyi,139800
820,54.4,2,2,16,35,3.6,7,11,Dnipro,Sobornyi,106100
821,104.6,5,5,14,0,4.0,7,25,Kharkiv,Shevchenkivskyi,159200
822,118.8,5,4,6,22,14.3,4,15,Lviv,Sykhiv,140500
823,65.8,4,7,10,29,6.2,7,11,Lviv,Sykhiv,116400
824,69.4,3,4,13,26,3.2,7,3,Odesa,Arcadia,157100
825,48.8,1,3,10,40,4.6,8,4,Odesa,Prymorskyi,119200
826,61.7,3,15,15,42,14.0,7,33,Kyiv,Pechersk,108900
827,70.0,2,6,9,17,7.6,3,4,Kharkiv,Center,105200
828,50.9,3,3,9,19,7.1,7,13,Dnipro,Amur-Nyzhnodniprovskyi,86700
829,129.9,5,5,14,8,0.4,7,14,Kharkiv,Kholodnohirskyi,200000
830,61.4,3,11,12,37,8.8,5,10,Odesa,Arcadia,100900
831,83.5,4,21,25,60,8.9,7,9,Dnipro,Novokodatskyi,119100
832,70.4,3,4,6,22,4.3,7,10,Kyiv,Pechersk,150800
833,43.6,2,5,8,30,0.4,10,13,Lviv,Lychakiv,126400
834,40.8,3,5,11,37,0.4,7,18,Kharkiv,Shevchenkivskyi,102200
835,64.6,3,5,22,45,3.9,9,5,Kharkiv,Saltivka,131900
836,58.8,2,1,7,51,12.6,9,22,Odesa,Prymorskyi,105000
837,55.7,2,20,22,30,3.5,9,19,Kharkiv,Shevchenkivskyi,117200
838,50.6,1,12,22,41,11.4,5,10,Dnipro,Center,63700
839,77.0,4,10,10,18,5.7,10,9,Kyiv,Obolon,183000
840,94.8,3,3,21,44,11.3,9,4,Kyiv,Pechersk,181200
841,56.7,3,23,23,28,17.8,7,5,Lviv,Sykhiv,91800
842,62.8,3,4,22,55,8.2,7,14,Dnipro,Shevchenkivskyi,95900
843,118.4,5,8,25,59,10.6,6,23,Kyiv,Podil,170800
844,64.0,4,12,13,15,13.9,9,8,Odesa,Prymorskyi,149500
845,103.7,5,5,10,73,13.0,6,28,Odesa,Center,130600
846,93.1,3,11,13,0,3.7,5,16,Dnipro,Center,144000
847,85.0,4,8,19,13,6.9,5,19,Kyiv,Solomianka,142000
848,55.1,3,6,20,19,6.9,6,17,Odesa,Kyivskyi,101400
849,55.3,3,13,19,42,11.9,8,12,Lviv,Shevchenkivskyi,90600
850,67.7,3,2,25,29,12.7,9,12,Odesa,Kyivskyi,132200
851,124.7,5,14,15,46,6.7,5,4,Odesa,Center,174100
852,63.0,2,9,22,29,5.9,6,16,Lviv,Frankivskyi,105400
853,111.8,5,1,12,28,8.1,8,10,Lviv,Shevchenkivskyi,165800
854,89.8,3,6,20,0,10.7,6,20,Kharkiv,Kholodnohirskyi,110700
855,49.7,3,5,6,9,10.3,8,11,Kyiv,Podil,128400
856,84.6,3,8,13,63,2.0,3,19,Lviv,Sykhiv,115600
857,108.4,5,6,9,23,10.4,8,20,Kyiv,Center,171000
858,81.0,4,3,7,24,10.3,6,9,Dnipro,Center,125700
859,82.8,3,8,25,20,3.3,8,5,Lviv,Lychakiv,156900
860,67.7,2,23,23,18,8.7,5,20,Odesa,Arcadia,117300
861,66.3,2,1,8,29,11.1,6,22,Kyiv,Center,109600
862,51.9,3,8,18,0,8.3,8,14,Kyiv,Obolon,120900
863,67.2,4,2,16,35,5.5,4,28,Dnipro,Sobornyi,102900
864,52.2,2,5,5,38,9.8,5,15,Kharkiv,Center,69300
865,90.9,4,8,15,45,8.9,4,13,Kyiv,Solomianka,133800
866,83.0,4,14,17,37,3.6,3,2,Kharkiv,Center,128200
867,62.9,3,2,13,69,0.4,6,18,Kharkiv,Osnovianskyi,109300
868,68.2,4,3,24,0,9.6,5,10,Odesa,Arcadia,135000
869,42.7,1,2,13,41,10.9,8,15,Kharkiv,Shevchenkivskyi,66400
870,78.3,4,4,14,37,1.4,6,20,Kyiv,Pechersk,170900
871,41.4,2,3,6,26,10.7,7,27,Kharkiv,Osnovianskyi,60200
872,55.8,2,2,9,0,2.8,10,5,Kharkiv,Osnovianskyi,127700
873,81.7,3,3,6,44,11.1,9,24,Dnipro,Center,130700
874,111.5,5,9,10,3,0.4,6,3,Kharkiv,Shevchenkivskyi,183800
875,64.9,2,2,18,55,13.5,5,10,Lviv,Frankivskyi,92700
876,124.8,4,1,8,4,13.2,9,2,Odesa,Center,184200
877,75.2,3,3,14,31,12.9,7,12,Dnipro,Center,112000
878,60.0,2,5,19,30,18.7,5,6,Dnipro,Amur-Nyzhnodniprovskyi,69500
879,107.7,5,11,16,23,2.7,8,8,Lviv,Lychakiv,194900
880,84.3,3,12,12,4,7.7,6,18,Kharkiv,Center,117300
881,107.3,5,3,7,64,1.2,7,21,Kyiv,Obolon,184500
882,116.7,5,7,11,13,5.6,8,23,Kyiv,Center,200000
883,49.3,1,5,20,34,5.0,5,25,Dnipro,Amur-Nyzhnodniprovskyi,71200
884,99.8,5,1,11,26,14.0,6,13,Lviv,Sykhiv,136200
885,61.0,4,14,19,45,0.9,6,13,Kyiv,Center,173300
886,65.1,3,14,16,17,2.0,7,18,Kyiv,Obolon,130100
887,68.0,4,7,24,29,13.4,8,9,Lviv,Shevchenkivskyi,113900
888,35.5,2,11,20,2,16.5,10,6,Kharkiv,Saltivka,87500
889,121.5,5,19,25,8,10.1,7,22,Kyiv,Obolon,177700
890,82.7,4,11,11,40,6.8,6,15,Odesa,Arcadia,134200
891,103.1,5,14,19,42,4.0,7,5,Kharkiv,Osnovianskyi,151300
892,118.3,4,20,22,32,10.0,8,11,Dnipro,Center,178200
893,91.2,5,2,8,13,8.2,6,7,Dnipro,Shevchenkivskyi,126100
894,95.7,3,15,25,12,0.4,6,6,Lviv,Lychakiv,168900
895,79.0,4,6,8,51,17.3,6,2,Kyiv,Obolon,127500
896,33.5,1,5,14,37,10.1,6,22,Dnipro,Amur-Nyzhnodniprovskyi,41200
897,32.1,1,2,5,25,9.7,3,2,Lviv,Frankivskyi,65500
898,125.1,5,7,17,27,4.1,5,32,Lviv,Frankivskyi,179700
899,130.2,5,6,21,62,5.6,7,17,Lviv,Lychakiv,164600
900,106.0,4,6,22,17,10.4,6,21,Odesa,Kyivskyi,141400
901,52.7,2,5,7,12,2.0,8,20,Odesa,Peresyp,120200
902,55.2,2,9,11,17,11.4,4,17,Odesa,Prymorskyi,83400
903,61.1,3,19,25,17,9.0,6,18,Kyiv,Center,134000
904,113.0,5,7,16,39,3.5,8,17,Kyiv,Podil,200000
905,56.9,1,15,25,46,8.5,5,19,Kharkiv,Center,80400
906,107.5,5,16,16,39,13.6,6,24,Odesa,Peresyp,129000
907,55.7,2,5,21,28,8.4,8,16,Kyiv,Center,131600
908,93.6,4,7,20,22,11.5,6,8,Kyiv,Center,160700
909,71.0,4,3,13,14,10.3,10,10,Dnipro,Amur-Nyzhnodniprovskyi,113200
910,63.2,3,14,20,0,11.0,5,14,Kyiv,Solomianka,102600
911,67.6,3,3,25,43,0.4,8,20,Odesa,Peresyp,134300
912,104.0,3,13,16,0,10.3,7,8,Lviv,Shevchenkivskyi,158700
913,57.3,2,2,15,35,14.4,7,13,Lviv,Center,98000
914,113.6,4,7,24,21,5.4,6,12,Odesa,Prymorskyi,174300
915,80.7,3,11,18,6,8.7,5,23,Kharkiv,Center,115600
916,70.0,3,10,15,35,3.1,8,11,Kyiv,Podil,167800
917,115.7,5,2,17,61,15.5,4,25,Kharkiv,Center,124300
918,104.4,4,13,15,35,6.5,7,15,Kyiv,Center,170700
919,90.7,3,6,8,37,9.4,6,16,Kyiv,Podil,154100
920,108.3,4,2,7,15,6.2,3,18,Kyiv,Podil,149900
921,60.1,3,2,14,19,6.9,9,16,Kyiv,Center,144600
922,81.4,4,7,9,38,3.1,4,8,Dnipro,Sobornyi,130700
923,129.8,5,2,12,54,7.2,8,23,Odesa,Kyivskyi,174600
924,90.6,4,1,11,37,5.1,5,7,Kharkiv,Shevchenkivskyi,127700
925,96.9,4,12,14,26,5.0,7,2,Lviv,Shevchenkivskyi,155500
926,67.8,2,7,11,35,8.9,8,18,Kyiv,Podil,135400
927,52.2,3,1,12,7,9.8,6,26,Kharkiv,Center,84900
928,49.7,2,3,11,22,3.7,8,10,Lviv,Sykhiv,116900
929,86.6,4,4,14,9,2.6,8,5,Lviv,Center,182500
930,86.4,4,1,6,24,4.5,6,8,Lviv,Center,150300
931,68.2,4,8,13,45,9.7,10,10,Kharkiv,Kholodnohirskyi,125400
932,47.4,1,10,20,27,11.6,4,20,Odesa,Center,87000
933,113.8,5,14,20,30,6.1,7,14,Kyiv,Podil,185000
934,82.2,4,8,20,23,6.2,7,26,Dnipro,Center,128000
935,77.1,3,2,8,36,5.0,9,2,Lviv,Frankivskyi,153400
936,87.8,4,10,16,47,5.2,3,16,Kharkiv,Saltivka,96500
937,74.2,3,1,25,49,10.3,8,19,Kharkiv,Osnovianskyi,114900
938,59.2,2,7,16,0,7.4,5,25,Lviv,Center,108100
939,113.7,3,6,21,42,6.8,9,20,Kharkiv,Osnovianskyi,146700
940,63.1,3,14,15,33,3.8,5,2,Lviv,Sykhiv,122400
941,48.9,3,8,9,30,5.2,5,11,Dnipro,Shevchenkivskyi,97400
942,61.9,3,2,6,24,6.3,9,20,Kyiv,Obolon,135400
943,42.1,2,18,21,56,8.6,7,11,Lviv,Center,120700
944,116.8,5,8,16,32,9.9,4,2,Kyiv,Solomianka,169400
945,117.2,5,11,18,21,8.3,6,15,Kyiv,Podil,174100
946,62.6,3,15,25,39,3.3,6,20,Lviv,Frankivskyi,116600
947,90.5,3,15,16,27,4.4,8,23,Kyiv,Obolon,161300
948,124.7,4,10,24,42,8.9,4,6,Kharkiv,Center,155500
949,42.6,2,4,5,20,10.7,3,11,Kharkiv,Saltivka,59000
950,64.5,3,11,20,36,9.0,6,6,Kyiv,Center,133100
951,76.5,2,4,9,10,12.6,5,20,Dnipro,Sobornyi,105000
952,101.6,4,1,7,19,12.8,10,8,Dnipro,Center,162100
953,104.7,4,5,8,30,0.4,9,21,Kyiv,Center,200000
954,89.4,4,5,18,8,5.6,6,19,Odesa,Peresyp,122400
955,56.2,2,8,8,29,5.1,8,3,Kyiv,Solomianka,131500
956,52.3,2,1,17,36,6.5,6,7,Lviv,Lychakiv,84000
957,126.0,4,1,13,33,11.7,6,20,Lviv,Sykhiv,137200
958,68.1,4,11,16,38,0.4,7,23,Lviv,Shevchenkivskyi,149800
959,44.5,2,20,20,10,4.3,5,26,Dnipro,Amur-Nyzhnodniprovskyi,73400
960,90.8,3,20,23,15,8.3,6,27,Odesa,Arcadia,142700
961,75.3,3,12,12,13,8.1,6,23,Kyiv,Center,135500
962,117.5,5,6,6,33,14.4,8,2,Lviv,Lychakiv,158400
963,48.7,2,19,25,31,4.7,6,2,Kharkiv,Saltivka,92200
964,70.9,2,5,7,22,18.8,7,16,Kyiv,Pechersk,122500
965,66.1,2,3,7,40,10.4,9,24,Kyiv,Center,134600
966,80.4,3,18,24,30,12.4,4,4,Odesa,Arcadia,128400
967,45.6,2,8,8,13,8.2,9,11,Kharkiv,Osnovianskyi,93300
968,68.1,2,5,10,56,12.8,8,25,Kharkiv,Saltivka,72900
969,84.1,2,16,23,17,19.5,4,13,Odesa,Kyivskyi,95600
970,64.6,3,11,22,18,13.4,5,18,Lviv,Frankivskyi,97600
971,114.5,4,3,6,0,18.4,6,5,Kyiv,Solomianka,149200
972,73.9,4,1,8,48,4.3,7,9,Kyiv,Solomianka,140300
973,37.2,2,9,11,38,4.1,5,13,Dnipro,Sobornyi,78300
974,97.3,4,18,18,10,10.6,8,32,Odesa,Kyivskyi,129200
975,65.1,3,5,7,21,12.1,7,14,Lviv,Frankivskyi,97900
976,135.6,5,1,6,30,12.0,7,13,Odesa,Center,178500
977,140.7,5,2,8,41,16.9,8,17,Odesa,Arcadia,196000
978,71.5,3,10,22,44,9.8,6,19,Dnipro,Sobornyi,96700
979,42.7,2,16,24,11,6.9,8,28,Odesa,Center,117400
980,57.0,2,1,9,51,14.4,6,9,Kyiv,Solomianka,81400
981,105.1,4,14,14,51,9.0,6,19,Kyiv,Obolon,142200
982,67.7,3,7,10,31,1.0,6,27,Kyiv,Obolon,143800
983,96.2,3,13,13,56,7.6,5,27,Kharkiv,Osnovianskyi,103800
984,99.1,5,7,8,14,17.5,5,8,Odesa,Kyivskyi,147900
985,80.6,3,7,10,18,0.4,8,15,Odesa,Kyivskyi,177000
986,46.4,2,10,15,50,2.6,8,6,Lviv,Sykhiv,116700
987,35.0,1,3,13,52,6.7,7,16,Dnipro,Novokodatskyi,60700
988,57.4,4,10,13,43,0.4,5,8,Lviv,Shevchenkivskyi,129000
989,109.3,5,1,9,46,8.2,9,18,Dnipro,Shevchenkivskyi,161800
990,40.9,2,5,13,21,16.1,7,20,Lviv,Sykhiv,63800
991,65.5,3,3,21,37,7.8,8,4,Kyiv,Pechersk,154500
992,110.3,5,11,16,40,17.0,6,2,Lviv,Lychakiv,156200
993,53.3,3,1,23,39,9.9,7,9,Lviv,Center,115500
994,92.2,4,2,23,21,6.1,6,15,Dnipro,Novokodatskyi,114600
995,80.0,4,18,18,27,6.6,3,11,Kharkiv,Shevchenkivskyi,107500
996,76.8,3,10,23,38,10.9,6,21,Odesa,Peresyp,84300
997,95.5,4,12,18,36,12.6,8,21,Kyiv,Podil,160700
998,71.8,2,9,9,39,7.8,10,9,Odesa,Arcadia,136300
999,65.0,3,5,21,40,1.8,5,16,Odesa,Prymorskyi,112900
1000,53.8,1,4,20,43,8.3,7,3,Kharkiv,Center,93500
